,Unnamed: 1,name,address,경도,위도,상태
0,0,강남구보건소,서울특별시 강남구 삼성동(삼성2동) 8 강남구보건소,127.042110457471,37.5163226790637,정좌표
1,1,삼성서울병원,서울특별시 강남구 일원로81 삼성서울병원,127.087895110169,37.4893227465726,정좌표
2,2,강남세브란스병원,서울특별시 강남구 언주로211 강남세브란스병원,127.046319544326,37.4920908155808,정좌표
3,3,강동구보건소,서울특별시 강동구 성내로45,127.125584591191,37.5295407046918,정좌표
4,4,중앙보훈병원,서울특별시 강동구 진황도로 61길 53,127.147206009137,37.5281887160849,정좌표
5,5,강동경희대병원,서울특별시 강동구 동남로 892,127.157615467347,37.5535588199771,정좌표
6,6,강동성심병원,서울특별시 강동구 성안로 150,127.135335984657,37.5361556295588,정좌표
7,7,강북구보건소,"서울특별시 강북구 한천로 897, 강북구보건소",127.038780011679,37.6321313485575,정좌표
8,8,강서구보건소,서울특별시 강서구 염창동 275-12 강서보건소,126.868306878813,37.5496247895147,정좌표
9,9,관악구보건소,서울특별시 관악구 청룡동 1570-1,126.951496998195,37.4782504034419,정좌표
10,10,에이치플러스양지병원,서울특별시 관악구 남부순환로 1636,126.932360437843,37.4842746962176,정좌표
11,11,광진구보건소,서울특별시 광진구 자양1동 777,127.082424058178,37.5384106918361,정좌표
12,12,건국대학교병원,서울특별시 광진구 능동로 120-1,127.072263637134,37.5409926858271,정좌표
13,13,구로구보건소,"서울특별시 구로구 구로동(구로제5동) 109-4 구로5동 주민센터, 구로구보건소",126.889295673883,37.5000695069058,정좌표
14,14,고대구로병원,서울특별시 구로구 구로동로 148,126.884700700361,37.491123002386,정좌표
15,15,구로성심병원,서울특별시 구로구 경인로 427,126.866358419439,37.4996474871571,정좌표
16,16,금천구보건소,서울특별시 금천구 시흥제1동 1020 금천구보건소,126.895385155794,37.4568055869614,정좌표
17,17,희명병원,서울특별시 금천구 시흥대로 244,126.900560536748,37.4556673380096,정좌표
18,18,노원구보건소,"서울특별시 노원구 상계6.7동 노원구보건소, 701-1",127.056633136397,37.6541548524654,정좌표
19,19,노원을지대학교병원,서울특별시 노원구 한글비석로 68,127.069934108605,37.6364346594033,정좌표
20,20,상계백병원,서울특별시 노원구 동일로 1342,127.063115660304,37.6485821796582,정좌표
21,21,도봉구보건소,서울특별시 도봉구 쌍문동 565,127.038764100763,37.6579682383703,정좌표
22,22,한일병원,서울특별시 도봉구 우이천로 308(쌍문동),127.029540470363,37.6453885173447,정좌표
23,23,동대문구보건소,서울특별시 동대문구 용두동 39-9,127.039723559585,37.5744089814313,정좌표
24,24,삼육서울병원,서울특별시 동대문구 망우로 82,127.06254244,37.5897257792017,정좌표
25,25,서울특별시동부병원,서울특별시 동대문구 무학로 124,127.031513103524,37.575354161138,정좌표
26,26,서울성심병원,서울특별시 동대문구 왕산로 259,127.049820914041,37.5841899183354,정좌표
27,27,경희의료원,서울특별시 동대문구 경희대로 23,127.050740191556,37.5937735558095,정좌표
28,28,동작구보건소,서울특별시 동작구 상도2동 176-3,126.94109123774,37.5044056909685,정좌표
29,29,서울특별시 보라매병원,서울특별시 동작구 보라매로5길 20,126.927064728153,37.494649706226,인근좌표
30,30,서울특별시 중앙대학교 병원,서울특별시 동작구 흑석로 102,126.96042193682,37.5060387533258,정좌표
31,31,마포구보건소,서울특별시 마포구 성산동 370,126.901916990083,37.5662311866042,정좌표
32,32,서대문구보건소,서울특별시 서대문구 연희동 연희로242 (연희동 165-2),126.936274235329,37.578608498345,정좌표
33,33,세브란스병원,서울특별시 서대문구 연세로 50-1,126.941721310183,37.5630129092834,정좌표
34,34,서울중구보건소,서울특별시 중구 신당동 50-5 중구보건소,127.018298849651,37.5623438276942,인근좌표
35,35,인제대학교서울백병원,서울특별시 중구 마른내로 9 백병원,126.988856315037,37.5650876719937,정좌표
36,36,국립중앙의료원,서울특별시 중구 을지로 245,127.006271858171,37.5680224867889,정좌표
37,37,서초구보건소,서울특별시 서초구 서초동(서초2동) 1376-3 서초구청 보건소,127.032562746861,37.4837333360741,정좌표
38,38,가톨릭대학교 서울성모병원,서울특별시 서초구 반포대로 222,127.005181606517,37.4992311849682,정좌표
39,39,서울특별시 어린이병원,서울특별시 서초구 헌릉로 260,127.068816755078,37.4552923348975,정좌표
40,40,성동구보건소,서울특별시 성동구 홍익동 (왕십리도선동) 16-15 성동구보건소,127.03308817645,37.5670692214365,정좌표
41,41,한양대학교병원,서울특별시 성동구 왕십리로 222-1 (사근동),127.044723937438,37.5599274357108,정좌표
42,42,성동군자의원,서울특별시 성동구 광나루로 323 송정빌딩 2층,127.065648811824,37.5484193951741,정좌표
43,43,성북구보건소,서울특별시 성북구 월곡제2동 46-1 성북구보건소,127.039508972822,37.6026847501912,정좌표
44,44,고려대학교의료원안암병원,서울특별시 성북구 고려대로73(안암동 5가),127.02746825595,37.588646416028,정좌표
45,45,송파구보건소,"서울특별시 송파구 신천동 29-5 송파구청, 보건소",127.106060829168,37.5146025664681,정좌표
46,46,서울아산병원,서울특별시 송파구 올림픽로43길 88,127.107097265562,37.5254121012809,정좌표
47,47,경찰병원,서울특별시 송파구 송이로 123,127.123487460986,37.4964146602868,정좌표
48,48,양천구보건소,서울특별시 양천구 신정동(신정6동) 321-5 양천보건소,126.865877548281,37.5176227978177,정좌표
49,49,이화여자대학교의과대학부속목동병원,서울특별시 양천구 안양천로 1071,126.886781178674,37.5370441352603,정좌표
50,50,서울특별시 서남병원,서울특별시 양천구 신정이펜1로 20,126.833131672155,37.5120203886562,정좌표
51,51,홍익병원,서울특별시 양천구 목동로 225,126.863641678771,37.528482843819,정좌표
52,52,영등포구보건소,서울특별시 영등포구 당산동3가(당산제1동) 385-1 영등포구청 영등포구보건소,126.89592809707,37.526251792463,정좌표
53,53,한림대학교 강남성심병원,서울특별시 영등포구 신길로 1,126.908673120093,37.4932486880576,정좌표
54,54,의료법인 성애병원,서울특별시 영등포구 여의대방로 53길22,126.922368906906,37.5120500153667,정좌표
55,55,가톨릭대학교 여의도성모병원,서울특별시 영등포구 63로 10,126.936002759615,37.5179047526615,정좌표
56,56,인봉의료재단 영등포병원,서울특별시 영등포구 당산로31길 10,126.895997286758,37.5269086465946,정좌표
57,57,용산구보건소,서울특별시 용산구 이태원동 34-87,126.990154085918,37.5325518440704,정좌표
58,58,순천향대학교서울병원,서울특별시 용산구 대사관로 59(한남동),127.003850490756,37.5341148122376,정좌표
59,59,은평구보건소,서울특별시 은평구 녹번동 84 은평구종합청사 은평구보건소,126.928850830732,37.6026604788192,정좌표
60,60,가톨릭대학교 은평성모병원,서울특별시 은평구 통일로1021,126.916152051202,37.6336095030529,정좌표
61,61,서울특별시서북병원,서울특별시 은평구 갈현로7길 49,126.905226529212,37.6041792207559,정좌표
62,62,서울특별시은평병원,서울특별시 은평구 백련산로 90,126.923762809609,37.5942055626175,정좌표
63,63,의료법인 청구성심병원,서울특별시 은평구 통일로 873,126.919551959152,37.6207890104606,정좌표
64,64,종로구보건소,서울특별시 종로구 옥인동(청운효자동) 45-30 종로구보건소,126.969227766373,37.5818060216893,정좌표
65,65,강북삼성병원,서울특별시 종로구 평동 108,126.966700855135,37.5682220971781,정좌표
66,66,서울적십자병원,서울특별시 종로구 평동 164,126.96695843534,37.5673788732253,정좌표
67,67,서울대학교병원,서울특별시 종로구 대학로 101(연건동),126.99835397026,37.5785473002336,정좌표
68,68,중랑구보건소,서울특별시 중랑구 신내2동 662 중랑구청,127.092881483317,37.6066169984235,정좌표
69,69,서울의료원,서울특별시 중랑구 신내로 156,127.098732031171,37.6130786948732,정좌표
70,70,녹색병원,서울특별시 중랑구 사가정로 49길 53,127.086060924726,37.5835642638989,정좌표
71,71,부산강서구보건소,부산광역시 강서구 대저2동 1932-1 강서브라이트센터 보건소,128.95723567189,35.1802211405387,정좌표
72,72,의료법인 갑을녹산재단 갑을녹산병원,부산광역시 강서구 녹산산단321로 24-8,128.853312965226,35.0905657742875,정좌표
73,73,금정구보건소,부산광역시 금정구 부곡3동 78,129.092393477501,35.2428703791878,정좌표
74,74,세웅병원,부산광역시 금정구 서동로 162(서동),129.104100510486,35.214153777665,정좌표
75,75,기장군보건소,부산광역시 기장군 기장읍 신천리 1번지,129.222597614527,35.2443223914995,정좌표
76,76,동남권원자력의학원,부산광역시 기장군 장안읍 좌동길 40,129.243167808925,35.3218576520418,정좌표
77,77,기장병원,부산광역시 기장군 기장읍 대청로72번길 6,129.216727062792,35.2357792413608,정좌표
78,78,동래구보건소,부산광역시 동래구 명륜2동 702-54번지,129.275409988658,35.7726714740831,인근좌표
79,79,대동병원,부산광역시 동래구 충렬대로187,129.080201938401,35.2043071339014,정좌표
80,80,봉생병원,부산광역시 동래구 안연로109번길 27,129.096113919291,35.1969115819886,정좌표
81,81,광혜병원,부산광역시 동래구 충렬대로 96,129.07114548815,35.2069686027115,정좌표
82,82,부산남구보건소,부산광역시 남구 못골로 23,129.084952732023,35.1360693281842,정좌표
83,83,부산성모병원,부산광역시 남구 용호로 232번길 25-14,129.109283360935,35.1098206162231,정좌표
84,84,부산동구보건소,부산광역시 동구 수정동(수정제2동) 806-74 동구청 보건소,129.045443569946,35.1292616582006,정좌표
85,85,좋은문화병원,부산광역시 동구 범일로 119(범일동),129.059048605987,35.1407905848524,정좌표
86,86,김원묵기념봉생병원,부산광역시 동구 중앙대로 401(좌천동),129.050478333148,35.1310628136787,정좌표
87,87,부산북구보건소,부산광역시 북구 금곡대로348 (화명동),129.014876456919,35.2390786190085,정좌표
88,88,부민병원,부산광역시 북구 만덕대로 59,129.011216959849,35.2119657885433,정좌표
89,89,구포성심병원,부산광역시 북구 낙동대로 1786(구포동),129.00457348276,35.2096728097158,정좌표
90,90,부산서구보건소,부산광역시 서구 부용동2가(부민동) 86 서구보건소 부민노인복지관,129.01808057557,35.107466461884,정좌표
91,91,부산대학교병원,부산광역시 서구 구덕로 179,129.019220193257,35.1010528430473,정좌표
92,92,동아대학교병원,부산광역시 서구 대신공원로 26,129.018000150211,35.1193451324259,정좌표
93,93,고신대학교복음병원,부산광역시 서구 감천로 262,129.014513196417,35.0810776852927,정좌표
94,94,삼육부산병원,부산광역시 서구 대티로 170,129.011328158997,35.1123484622483,정좌표
95,95,부산중구보건소,부산광역시 중구 대청동1가 중구청 중구로 120,129.032586611345,35.1066808155725,정좌표
96,96,메리놀병원,부산광역시 중구 중구로 121,129.032988804358,35.1076518210386,정좌표
97,97,부산진구보건소,부산광역시 부산진구 범천동(범천제1동) 849-10 부산진보건소,129.059918994531,35.1462127664671,정좌표
98,98,인제대학교부산백병원,부산광역시 부산진구 복지로 75,129.020865579259,35.145525862533,정좌표
99,99,온종합병원,부산광역시 부산진구 가야대로 721,129.04955852518,35.1580958455955,정좌표
100,100,동의병원,부산광역시 부산진구 양정로 62,129.077202112028,35.1696661883191,정좌표
101,101,춘해병원,부산광역시 부산진구 중앙대로 605,129.058381247199,35.1469504001506,정좌표
102,102,사상구보건소,부산광역시 사상구 감전동 138-8,128.991346078118,35.1523584141377,정좌표
103,103,부산보훈병원,부산광역시 사상구 백양대로 420 (주례동),129.006253459353,35.1536179351034,정좌표
104,104,좋은삼선병원,부산광역시 사상구 가야대로 326,129.008245124381,35.1504441718674,정좌표
105,105,사하구보건소,부산광역시 사하구 하신번영로127번길 2(신평동),128.959550998667,35.0941548835296,정좌표
106,106,수영구보건소,부산광역시 수영구 광안1동 661-1번지,129.113579795662,35.1625859841666,정좌표
107,107,좋은강안병원,부산광역시 수영구 수영로 493,129.110362019204,35.1497755449264,정좌표
108,108,BHS한서병원,부산광역시 수영구 수영로 615,129.112919006781,35.1611389174192,정좌표
109,109,연제구보건소,부산광역시 연제구 연산2동 연제로 2(연산2동 1555),129.079111855724,35.1767965980589,정좌표
110,110,부산광역시의료원,부산광역시 연제구 월드컵대로 359,129.060052908878,35.1874189198586,정좌표
111,111,영도구보건소,"부산광역시 영도구 청학동(청학제2동) 48-3, 영도구청 보건소동",129.067987930884,35.0912465009688,정좌표
112,112,영도병원,부산광역시 영도구 태종로 85,129.04052438183,35.0922399518163,정좌표
113,113,해동병원,부산광역시 영도구 태종로 133(봉래동 3가),129.043862976089,35.0919360104061,정좌표
114,114,해운대구보건소,부산광역시 해운대구 좌2동 1339,129.178930569969,35.1639662759848,정좌표
115,115,해운대백병원,부산광역시 해운대로875,129.182164512756,35.1732598300031,정좌표
116,116,해운대부민병원,부산광역시 해운대로584,129.155654048931,35.1614209655027,정좌표
117,117,달서구보건소,대구광역시 달서구 월성동(월성2동) 281 달서구청,128.532970173798,35.8297169511796,정좌표
118,118,계명대학교 동산병원,대구광역시 달서구 달구벌대로 1035,128.480132006845,35.8538850797454,정좌표
119,119,삼일병원,대구광역시 달서구 월배로 436,128.552840816355,35.8329124866357,인근좌표
120,120,구병원,대구광역시 달서구 감삼북길 141,128.541382922754,35.8506819425412,정좌표
121,121,세강병원,대구광역시 달서구 구마로 220,128.551694328377,35.8366426783189,정좌표
122,122,W병원,대구광역시 달서구 달구벌대로 1632,128.54496760776,35.8526432871796,정좌표
123,123,대구보훈병원,대구광역시 달서구 월곡로60,128.551711882503,35.8028290192806,정좌표
124,124,달성군 보건소,대구광역시 달성군 현풍읍 하리 253-2,128.444738419351,35.6921270102301,정좌표
125,125,대구광역시 남구보건소,대구광역시 남구 대명2동 2003번지(영선길 34),128.591531143753,35.8539337016802,정좌표
126,126,영남대학교 병원,대구광역시 남구 현충로 170,128.581619271101,35.8474594790038,정좌표
127,127,대구가톨릭대학교 병원,대구광역시 남구 두류공원로17길 33,128.568561556668,35.843688393792,정좌표
128,128,드림병원,대구광역시 남구 대명로 153,128.574465188449,35.8396147548287,정좌표
129,129,대구광역시 동구보건소,대구광역시 동구 검사동(동촌동) 1005-8 동구보건소,128.651157113222,35.8881921356503,정좌표
130,130,대구파티마병원,대구광역시 동구 아양로 99,128.623277691118,35.8833740471384,정좌표
131,131,대구광역시 북구보건소,대구광역시 북구 침산3동 521-2 (침산동 북구보건소),128.589111156459,35.8915963629592,정좌표
132,132,대구가톨릭대학교 칠곡가톨릭병원,대구광역시 북구 칠곡중앙대로 440,128.549290676186,35.9349161233068,정좌표
133,133,대구광역시 서구보건소,대구광역시 서구 평리3동 1230-9(국채보상로257),128.559183580793,35.871824596734,정좌표
134,134,대구의료원,대구광역시 서구 평리로 157,128.540073552684,35.8596954524548,정좌표
135,135,대구광역시 중구보건소,대구광역시 중구 태평로3가(성내3동) 174-1 중구보건소,128.583246544668,35.8778780597659,정좌표
136,136,경북대학교병원,대구광역시 중구 동덕로 130 경북대학교병원,128.604559752283,35.8655525062916,정좌표
137,137,수성구보건소,대구광역시 수성구 중동 266-5(수성로213),128.612294793791,35.8447587865353,정좌표
138,138,강화군보건소,인천광역시 강화군 강화읍 남산리 324-1 강화군보건소,126.484376143583,37.7380748725927,정좌표
139,139,비에스종합병원,인천광역시 강화군 충렬사로 31,126.485730280455,37.73606565232,정좌표
140,140,계양구보건소,인천광역시 계양구 계산동 1079-1,126.737746776444,37.5371109867292,정좌표
141,141,인성의료재단 한림병원,인천광역시 계양구 장재로 722,127.387230341133,37.1177268311653,인근좌표
142,142,인천세종병원,인천광역시 계양구 계양문화로 20,126.736853497625,37.5325402446747,정좌표
143,143,인천광역시남동구보건소,"인천광역시 남동구 소래로 633, 남동구보건소",126.730678253647,37.4473894100331,정좌표
144,144,길의료재단 길병원,인천광역시 남동구 남동대로 744번길 21,126.707203556486,37.448927638242,인근좌표
145,145,인천광역시부평구보건소,인천광역시 부평구 부흥로 291 부평구보건소,126.724248171597,37.4988346026022,정좌표
146,146,부평세림병원,인천광역시 부평구 부평대로 175,126.719965602145,37.5068430580096,정좌표
147,147,가톨릭대학교 인천성모병원,인천광역시 부평구 동수로 56,126.725046746068,37.4843676465246,정좌표
148,148,근로복지공단 인천병원,인천광역시 부평구 무네미로 446,126.754096543921,37.475838574707,정좌표
149,149,연수구보건소,인천광역시 연수구 청학동 465-2(함박뫼로 13호),126.671135397022,37.4190322103545,정좌표
150,150,나사렛국제병원,"인천광역시 연수구 먼우금로 98 (동춘동, 나사렛국제병원)",126.670483402958,37.4079479806548,정좌표
151,151,인천적십자병원,"인천광역시 연수구 원인재로 263 (연수동, 인천적십자병원)",126.689367214003,37.4190406296749,정좌표
152,152,옹진군보건소,인천광역시 옹진군 매소홀로120,126.636745210588,37.4465704398888,정좌표
153,153,백령병원,인천광역시 옹진군 백령로 233,124.720780164926,37.9674506708149,정좌표
154,154,인천광역시미추홀구보건소,인천광역시 미추홀구 도화동(도화1동) 357-1 미추홀구보건소,126.677447397184,37.4610446822828,정좌표
155,155,인천사랑병원,인천광역시 미추홀구 미추홀대로 726,126.680683093265,37.462196057272,정좌표
156,156,현대유비스병원,인천광역시 미추홀구 독배로503,126.643006922838,37.4616099224551,정좌표
157,157,인천광역시동구보건소,"인천광역시 동구 만석동 18-3 인천광역시동구보건소, 1동",126.625803099099,37.4829836432264,정좌표
158,158,인천백병원,인천광역시 동구 샛골로214(송림동),126.645831161806,37.4817134133808,정좌표
159,159,인천광역시의료원,인천광역시 동구 방축로217(송림동),126.668234487483,37.4782498566064,정좌표
160,160,인천광역시서구보건소,인천광역시 서구 심곡동(연희동) 246-1 서구보건소 39,126.673754839736,37.5443592943328,정좌표
161,161,국제성모병원,인천광역시 서구 서구 심곡로100번길 23,126.683568442301,37.5423419426895,인근좌표
162,162,검단탑병원,인천광역시 서구 서구 청마로19번길 5,126.670715942134,37.5926255628249,정좌표
163,163,나은병원,인천광역시 서구 서구 원적로 23,126.679783188027,37.4890589438033,정좌표
164,164,뉴 성민병원,인천광역시 서구 서구 신석로 70,126.669865387833,37.5097892175933,정좌표
165,165,온누리병원,인천광역시 서구 서구 완정로 199,126.654330758269,37.6027956839203,정좌표
166,166,인천광역시중구보건소,인천광역시 중구 전동 2-1,126.628951878715,37.4770585301625,정좌표
167,167,인하대병원,인천광역시 중구 인항로27,126.633928739755,37.4584667205536,정좌표
168,168,인천기독병원,인천광역시 중구 답동로 30번길 10,126.632443050422,37.4713315344412,정좌표
169,169,영종 국제도시보건과,인천광역시 중구 운남서로 100-1,126.530995157751,37.4936331498939,정좌표
170,170,광산구보건소,"광주광역시 광산구 송정동 833-8 (,송정동)",126.793819441443,35.1396421750915,정좌표
171,171,첨단종합병원,광주광역시 광산구 첨단중앙로 170번길 59,126.845295172588,35.221102472226,정좌표
172,172,KS병원,광주광역시 광산구 왕버들로220,126.833157388836,35.1979326093149,정좌표
173,173,광주남구보건소,광주광역시 남구 봉선로 20-1,126.901682444215,35.1314090208796,정좌표
174,174,광주기독병원,광주광역시 남구 양림로 37,126.911250768734,35.1362788466218,정좌표
175,175,광주동구보건소,광주광역시 동구 서석동 31번지,126.923069840101,35.1458800194875,정좌표
176,176,전남대학교병원,광주광역시 동구 제봉로 42,126.922091754162,35.1423838334707,정좌표
177,177,조선대학교병원,광주광역시 동구필문대로 365,126.925394064258,35.1395354433497,정좌표
178,178,광주북구보건소,광주광역시 북구 중흥2동 359번지,126.912122660404,35.1733359118078,정좌표
179,179,광주일곡병원,광주광역시 북구 양일로 309,126.897606350125,35.2028610933241,정좌표
180,180,광주서구보건소,광주광역시 서구 농성동(농성1동) 299 서구보건소,126.890035045783,35.1520357839731,정좌표
181,181,서광병원,광주광역시 서구 금화로 59번길 6 (금호동),126.855732786502,35.1325959008337,정좌표
182,182,대덕구보건소,대전광역시 대덕구 석봉로38번길55 (석봉동),127.426554161044,36.4448317573451,정좌표
183,183,근로복지공단 대전병원,대전광역시 대덕구 계족로 637,127.429270911209,36.3682730654499,정좌표
184,184,대전보훈병원,대전광역시 대덕구 대청로 82번길 147,127.439694016445,36.4473161537102,정좌표
185,185,대전광역시 동구보건소,대전광역시 동구 가오동 425,127.454826695862,36.3118722549973,정좌표
186,186,대전한국병원,대전광역시 동구 동서대로 1672,127.435834443744,36.348174588313,정좌표
187,187,대전광역시 서구보건소,대전광역시 서구 만년동 340번지,127.380974926503,36.3670847285964,정좌표
188,188,을지대학교병원,대전광역시 서구 둔산서로 95,127.381987762985,36.3553007931204,정좌표
189,189,건양대학교병원,대전광역시 서구 관저동로 158,127.344562881079,36.3069803188355,정좌표
190,190,대전광역시 중구보건소,대전광역시 중구 문화2동 785 중구보건소,127.395271226614,36.3081283699115,정좌표
191,191,대전성모병원,대전광역시 중구 대흥로 64 가톨릭대학교대전성모병원,127.420212078048,36.3219933683173,정좌표
192,192,대전선병원,대전광역시 중구 목중로 29 대전선병원,127.40991491902,36.3361189325434,정좌표
193,193,충남대학교병원,대전광역시 중구 문화로 282 충남대학교병원,127.415469628959,36.3161278961281,정좌표
194,194,대전광역시 유성구보건소,대전광역시 유성구 노은동 270 월드컵보조경기장 P2주차장,127.324191666835,36.3645570867199,정좌표
195,195,유성선병원,대전광역시 유성구 북유성대로93,127.32499015434,36.3751335315967,정좌표
196,196,울산남구보건소,"울산광역시 남구 삼산중로 132, 울산남구보건소 (삼산동)",129.33632756547,35.5453573888116,정좌표
197,197,의)정안의료재단 중앙병원,울산광역시 남구 문수로 480번길 10,129.305196786051,35.5315316831369,정좌표
198,198,울산병원,울산광역시 남구 월평로 171번길 13,129.323109024258,35.5462217169097,정좌표
199,199,좋은삼정병원,울산광역시 남구 북부순환도로 51,129.268929158114,35.5528279639409,정좌표
200,200,울산동구보건소,울산광역시 동구 화정동 222,129.417138739172,35.5054794158261,정좌표
201,201,울산대학교병원,울산광역시 동구 방어진순환도로 877,129.428802248657,35.5200596086606,정좌표
202,202,울산북구보건소,울산광역시 북구 연암동(효문동) 1082 보건소,129.360636979729,35.5834389524762,정좌표
203,203,울산시티병원,울산광역시 북구 산업로 1007,129.359018048878,35.5828175600733,정좌표
204,204,울산중구보건소,울산광역시 중구 남외동 603-2,129.350501042221,35.5693405151573,정좌표
205,205,동강병원,울산광역시 중구 태화로 239,129.30209534028,35.5534241879701,정좌표
206,206,울주군보건소,울산광역시 울주군 삼남읍 서향교1길 67-12 울주군보건소,129.113736324087,35.5583637220549,정좌표
207,207,서울산보람병원,울산광역시 울주군 삼남읍 중평로 53,129.120942303359,35.5599439056926,정좌표
208,208,KTX역 선별진료소,울산광역시 울주군 삼남읍 신화리467,129.137961701324,35.551303881246,정좌표
209,209,가평군보건소,경기도 가평군 가평읍 읍내3리 624-1,127.530664729212,37.842799224589,정좌표
210,210,HJ매그놀리아국제병원,경기도 가평군 설악면 미사리로 267-117,127.525360341118,37.6870125484738,인근좌표
211,211,고양시덕양구보건소,경기도 고양시 덕양구 주교동 603 덕양구보건소,126.831046188053,37.6577924659836,정좌표
212,212,의료법인명지의료재단명지병원,경기도 고양시 덕양구 화수로14번길 55,126.830962261246,37.6422020273324,정좌표
213,213,과천시보건소,경기도 과천시 중앙동 과천시청 관문로 69 (중앙동),126.993193421612,37.4332947103657,정좌표
214,214,광명시보건소,경기도 광명시 하안1동 230-1 오리로613,126.878736127024,37.4564462816926,정좌표
215,215,광명성애병원,경기도 광명시 디지털로 36,126.871864931355,37.4731623795873,정좌표
216,216,광주시보건소,경기도 광주시 경안동 115,127.250313745857,37.4164372104549,정좌표
217,217,참조은병원,경기도 광주시 광주대로 45,127.259957601853,37.4109174768878,정좌표
218,218,구리시보건소,경기도 구리시 인창동 674-3,127.145089110471,37.6048254193521,정좌표
219,219,한양대학교구리병원,경기도 구리시 경춘로 153,127.132507648579,37.6012750855413,정좌표
220,220,원진녹색병원,경기도 구리시 동구릉로65,127.1338576691,37.6059426657669,정좌표
221,221,군포시보건소,경기도 군포시 부곡동 770-1 (군포로221),126.925637939514,37.3329964818765,정좌표
222,222,원광대학교의과대학 산본병원,경기도 군포시 산본로 321,126.933604263849,37.3594142965928,정좌표
223,223,효산의료재단법인 지샘병원,경기도 군포시 군포로 591,126.94731633981,37.3586713471014,정좌표
224,224,기흥구보건소,경기도 용인시 기흥구 신갈로 58번길 11,127.106768074813,37.2726064494522,정좌표
225,225,강남병원,경기도 용인시 기흥구 용구대로 411,127.113197871409,37.2337537259051,인근좌표
226,226,용인세브란스병원,경기도 용인시 기흥구 동백죽전대로363,127.144444149889,37.2704293834848,정좌표
227,227,김포시보건소,경기도 김포시 사우동 김포보건소,126.724823724732,37.6200017298058,인근좌표
228,228,김포우리병원,경기도 김포시 감암로 11,126.710470100207,37.632149832201,정좌표
229,229,뉴고려병원,경기도 김포시 김포한강3로 283,126.66022938012,37.6409570128514,정좌표
230,230,히즈메디병원,경기도 김포시 김포대로 681,126.734723193329,37.6112164160086,정좌표
231,231,남양주보건소,경기도 남양주시 다산동(다산2동) 3159-7 남양주시청제2청사 1~2층,127.171245199763,37.6102681734704,정좌표
232,232,남양주보건소 동부보건센터,경기도 남양주시 화도읍 비룡로59,127.300710650233,37.6578474809958,정좌표
233,233,동두천시보건소,경기도 동두천시 생연2동 714-9 동두천시보건소,127.051852393301,37.8965977798135,정좌표
234,234,안양시 만안구보건소,경기도 안양시 만안구 안양동(안양6동) 532-1,126.932718233797,37.3858858451115,정좌표
235,235,샘안양병원,경기도 안양시 만안구 삼덕로 9,126.924597528733,37.3933007775605,정좌표
236,236,성남시분당구보건소,경기도 성남시 분당구 야탑동(야탑1동) 349 분당보건소,127.12457249078,37.4109922648375,정좌표
237,237,분당차병원,경기도 성남시 분당구 야탑로 59(야탑동),127.125327486164,37.4098023964789,정좌표
238,238,분당제생병원,경기도 성남시 분당구서현로180번길20(서현동),127.121778431109,37.3882042008126,정좌표
239,239,성남시수정구보건소,경기도 성남시 수정구 신흥동 3435 수정구보건소 218,127.144061664263,37.4443439842094,정좌표
240,240,성남시의료원,경기도 성남시 수정구 수정로 171번길 10,127.139057435933,37.4449840563165,정좌표
241,241,순천의료재단 정병원,경기도 성남시 수정구 수정로 76,127.129007019992,37.4398623561933,정좌표
242,242,수원시권선구보건소,경기도 수원시 권선구 호매실로 22-50,126.971129560597,37.2587432698109,정좌표
243,243,시흥시보건소,경기도 시흥시 대야동 484-3 (호현로55),126.785329964562,37.44548239107,정좌표
244,244,시흥시화병원,경기도 시흥시 군자천로 381,126.736971058771,37.3499558567574,정좌표
245,245,신천연합병원,경기도 시흥시 복지로 57,126.789569961271,37.4444522795213,정좌표
246,246,센트럴병원,경기도 시흥시 공단1대로 237,126.727983156158,37.3368445477284,정좌표
247,247,정왕보건지소,경기도 시흥시 정왕대로233번길 19,126.740152365926,37.3467201402258,정좌표
248,248,안산시단원보건소,경기도 안산시 단원구 초지동 666-8 안산시 단원보건소,126.815184473856,37.3208563165137,정좌표
249,249,고려대학교안산병원,경기도 안산시 단원구 적금로 123,126.825627331305,37.319380200763,정좌표
250,250,의료법인대아의료재단한도병원,경기도 안산시 단원구 선부광장로 103,126.807619665831,37.334055334894,정좌표
251,251,안산시상록수보건소,경기도 안산시 상록구 사1동 1584,126.857479051218,37.3227553577738,인근좌표
252,252,근로복지공단안산병원,경기도 안산시 상록구 구룡로 87,126.874960320848,37.3160882807279,정좌표
253,253,안성시보건소,경기도 안성시 강변로 74번길 18(도기동),127.269816903039,37.0001939048749,정좌표
254,254,경기도의료원 안성병원,경기도 안성시 남파로 95(당왕동),127.260366558733,37.0173533028796,정좌표
255,255,안성성모병원,경기도 안성시 시장길 58(서인동),127.27088086005,37.006124106445,정좌표
256,256,안양시 동안구보건소,경기도 안양시 동안구 비산동 1111번지,126.951431422511,37.3925138852631,정좌표
257,257,한림대학교성심병원,경기도 안양시 동안구 관평로 170번길11,126.961306330711,37.3925576446271,정좌표
258,258,양주시보건소,"경기도 양주시 남방동(양주1동) 1-1 양주시보건소,양주시의회,양주시청 양주시보건소",127.045325659975,37.7849850565292,정좌표
259,259,양평군보건소,경기도 양평군 양평읍 양근리 마유산로 17번지,127.486681021955,37.4970353580024,정좌표
260,260,양평병원,경기도 양평군 양평읍 중앙로 129,127.503173870074,37.4942823889643,정좌표
261,261,여주시보건소,경기도 여주시 상동 358-3 여주시보건소,127.639971833102,37.2950042895021,인근좌표
262,262,세종여주병원,경기도 여주시 청심로 39,127.62531937607,37.3014802712014,정좌표
263,263,오산시보건소,경기도 오산시 오산동 25,127.07780293534,37.1594458697288,정좌표
264,264,오산한국병원,경기도 오산시 밀머리로1번길 16,127.075503203229,37.1413384923231,정좌표
265,265,순천향대학교부속부천병원,경기도 부천시 조마루로 17,126.745235157732,37.5024306494949,인근좌표
266,266,가톨릭대학교부천성모병원,경기도 부천시 소사로 327,126.792711661668,37.4867255117303,정좌표
267,267,부천세종병원,경기도 부천시 호현로 489번길 28,126.79139115574,37.4814018809251,정좌표
268,268,부천시보건소,"경기도 부천시 길주로 486, 부천종합운동장 부설주차장 C동 1층",126.796535675789,37.5048800710782,정좌표
269,269,의왕시보건소,경기도 의왕시 고천동 108,126.972022255749,37.3441827377432,정좌표
270,270,아가페의료재단 시티병원,경기도 의왕시 오전천로 29,126.976794754491,37.3502805298092,정좌표
271,271,의정부시보건소,경기도 의정부시 의정부2동 516 의정부시보건소,127.039543524518,37.7360691040653,정좌표
272,272,경기도의료원의정부병원(응급실),경기도 의정부시 흥선로 142,127.042432213578,37.7409351120974,정좌표
273,273,가톨릭대학교 의정부 성모병원,경기도 의정부시 천보로 271,127.077637212373,37.7577476489618,정좌표
274,274,추병원,경기도 의정부시 평화로 650,127.045076532955,37.7500114738931,정좌표
275,275,의정부백병원,경기도 의정부시 금신로 322,127.061984845138,37.7452387587398,정좌표
276,276,의정부을지대학교병원,경기도 의정부시 동일로 712(금오동),127.053330461113,37.7529486324687,정좌표
277,277,이천시보건소,경기도 이천시 증포동 152-2,127.452269768158,37.2888706209074,정좌표
278,278,경기도의료원이천병원,경기도 이천시 경충대로 2742,127.432612761728,37.2829417747405,정좌표
279,279,일산서구보건소,경기도 고양시 일산서구 일산동 일중로 54,126.775761095903,37.684353174902,정좌표
280,280,인제대학교일산백병원,경기도 고양시 일산서구 주화로 170,126.750380295744,37.6742732959769,정좌표
281,281,장안구보건소,경기도 수원시 장안구 조원동 888번지,127.010066026833,37.3037468993173,정좌표
282,282,경기도의료원 수원병원,경기도 수원시 장안구 수성로245번길 69,126.996834270996,37.2923510120756,정좌표
283,283,성남시중원구보건소,경기도 성남시 중원구 상대원1동 269-10,127.170587351736,37.4419628408215,정좌표
284,284,성남중앙병원,경기도 성남시 중원구 산성대로 476번길 12,127.162009173371,37.4529569374992,정좌표
285,285,처인구보건소,경기도 용인시 처인구 삼가동 556,127.17749231775,37.2408338977773,정좌표
286,286,영문의료재단 다보스병원,경기도 용인시 처인구 백옥대로 1082번길 18,127.211398025818,37.2315413649839,정좌표
287,287,용인서울병원,경기도 용인시 처인구 고림로 81,127.214490430513,37.2403172677519,정좌표
288,288,파주시보건소,경기도 파주시 금촌동(금촌1동) 953-1 파주시보건소,126.773778333366,37.7562829431907,정좌표
289,289,경기도의료원 파주병원,경기도 파주시 중앙로 207,126.779635476757,37.7548800136434,정좌표
290,290,메디인병원,경기도 파주시 시청로 6,126.774853792306,37.7580446584739,정좌표
291,291,팔달구보건소,경기도 수원시 팔달구 교동 56-1번지,127.012396782784,37.2714403251858,정좌표
292,292,성빈센트 병원,경기도 수원시 팔달구 중부대로 93 (지동),127.027449925965,37.2779230703711,정좌표
293,293,동수원 병원,경기도 수원시 팔달구 중부대로 165 (우만동),127.033906864892,37.2786394069594,정좌표
294,294,평택시평택보건소,경기도 평택시 비전동 850(평택5로 56),127.111821395366,36.9907962469525,정좌표
295,295,의료법인 백송의료재단 굿모닝병원,경기도 평택시 중앙로 338,127.120234217048,36.9908391862313,정좌표
296,296,의료법인 박애의료재단 박애병원,경기도 평택시 평택2로20번길 3,127.089078082732,36.9930622154876,정좌표
297,297,의료법인 양진의료재단 평택성모병원,경기도 평택시 평택로 284,127.07433835865,37.008407973689,정좌표
298,298,평택시안중보건지소,"경기도 평택시 안중읍 안현로4, 9길 24",126.917550274414,36.957283239201,인근좌표
299,299,포천시보건소,경기도 포천시 신읍동 164-3 (포천시보건소),127.201177089619,37.900699614403,정좌표
300,300,경기도의료원 포천병원,경기도 포천시 포천로 1648,127.198510077887,37.9026308521511,정좌표
301,301,하남시보건소,경기도 하남시 신장2동 520,127.214653396034,37.5391024830188,정좌표
302,302,화성시보건소,경기도 화성시 향남읍 3.1만세로 1055,126.904541886006,37.1291167358368,정좌표
303,303,원광종합병원,경기도 화성시 화산북로 21,127.008036210736,37.2100623650964,정좌표
304,304,화성중앙종합병원,경기도 화성시 향남읍 발안로 5,126.91080289392,37.1315379284539,정좌표
305,305,한림대학교동탄성심병원,경기도 화성시 큰재봉길 7,127.079949984672,37.2165138259112,정좌표
306,306,화성디에스병원,경기도 화성시 남양읍 시청로160번길 46-13,126.825710280013,37.1992325073445,정좌표
307,307,화성시보건소(동탄글로브월),경기도 화성시 동탄 산단7길 60,127.086563148477,37.1768762839316,정좌표
308,308,영통구보건소,경기도 수원시 영통구 영통동 영통로 396,127.069709899265,37.256881243281,정좌표
309,309,아주대학교병원,경기도 수원시 영통구 월드컵로164,127.04752002094,37.2794471411693,정좌표
310,310,평택시송탄보건소,경기도 평택시 서정동 산 12(서정로 295),127.066039342359,37.0661913096923,정좌표
311,311,박병원,경기도 평택시 송탄로 33,127.057171791105,37.0481253249399,정좌표
312,312,일산동구보건소,경기도 고양시 일산동구 마두동 1010번지,126.775887846665,37.6563870018944,정좌표
313,313,국민건강보험공단일산병원,경기도 고양시 일산동구 일산로100,126.793040376112,37.6454757701823,정좌표
314,314,동국대학교일산불교병원,경기도 고양시 일산동구 동국로 27(식사동),126.807013807595,37.6762882811906,정좌표
315,315,일산복음병원,경기도 고양시 일산동구 고양대로760,126.780327567298,37.6818359820446,정좌표
316,316,수지구보건소,경기도 용인시 수지구 포은대로 435,127.097447177595,37.322221611019,정좌표
317,317,남양주풍양보건소,"경기도 남양주시 진접읍 금곡리 1085, 풍양보건소",127.188892476452,37.7113838548783,정좌표
318,318,남양주한양병원,경기도 남양주시 오남읍 양지로 47-55,127.204568236305,37.6827233389854,정좌표
319,319,현대병원,경기도 남양주시 진접읍 봉현로 21,127.179903097897,37.7154370146664,정좌표
320,320,연천군보건의료원,경기도 연천군 전곡읍 은대리 577-36,127.06064258994,38.0232990881639,정좌표
321,321,강릉시보건소,"강원도 강릉시 내곡동 413 강릉시보건소, 가동 강릉시보건소",128.882790077706,37.7428171970512,정좌표
322,322,강릉아산병원,강원도 강릉시 방동길 38,128.857831128174,37.8184039540009,정좌표
323,323,강릉동인병원,강원도 강릉시 강릉대로419번길 42,128.90788254491,37.7745786448962,정좌표
324,324,강릉고려병원,강원도 강릉시 옥가로 30,128.899865159872,37.7590136509302,정좌표
325,325,강릉의료원,강원도 강릉시 경강로 2007,128.889261340552,37.7490867565685,정좌표
326,326,고성군보건소,강원도 고성군 간성읍 수성로 30,128.472138792654,38.3776148120663,정좌표
327,327,동해시보건소,강원도 동해시 천곡동 840 보건소 동해시보건소,129.117045386881,37.5228304435284,정좌표
328,328,의료법인 동해동인병원,강원도 동해시 하평로 26,129.107803458472,37.5302454033274,정좌표
329,329,근로복지공단 동해병원,강원도 동해시 하평로 11,129.105302253328,37.5316944307395,정좌표
330,330,삼척시보건소,강원도 삼척시 남양동 347-4,129.172337765826,37.4437726879262,정좌표
331,331,강원도 삼척의료원,강원도 삼척시 오십천로 418,129.163142864079,37.4399635771648,정좌표
332,332,속초시보건소,강원도 속초시 동해대로 4229(생활체육관 주차장 내),128.577058432577,38.1966340500397,정좌표
333,333,강원도속초의료원,강원도 속초시 영랑호반길 3,128.587918246318,38.2160633463648,정좌표
334,334,속초보광병원,강원도 속초시 중앙로 11,128.578358160118,38.1980370366966,정좌표
335,335,양구군보건소,강원도 양구군 양구읍 하리 34-5 양구군보건소,127.989964812644,38.1099227024967,정좌표
336,336,양구성심병원,강원도 양구군 양구읍 중심로 160,127.991208239749,38.1047184087243,정좌표
337,337,양양군보건소,강원도 양양군 양양읍 연창리 203-5 양양군보건소 양양군보건소,128.627366986085,38.0778822860285,정좌표
338,338,영월군보건소,강원도 영월군 영월읍 하송로 44 영월군보건소,128.463622820734,37.184376435596,정좌표
339,339,영월의료원,강원도 영월군 영월읍 중앙1로 59 영월의료원,128.465233298087,37.1867688382045,정좌표
340,340,원주시보건소,강원도 원주시 일산동 211,127.946782903658,37.3515745548653,정좌표
341,341,연세대학교 원주세브란스기독병원,강원도 원주시 일산로 20,127.946725279463,37.3491203088766,정좌표
342,342,원주의료원,강원도 원주시 서원대로 387,127.949008530361,37.3331989095214,정좌표
343,343,인제군보건소,강원도 인제군 인제읍 인제로140번길 34,128.168944824054,38.0636153565589,정좌표
344,344,정선군보건소,강원도 정선군 정선읍 녹송로 33,128.6714873397,37.3800948538669,정좌표
345,345,근로복지공단정선병원,강원도 정선군 정선읍 봉양1길 146,128.659155303557,37.3827875349691,인근좌표
346,346,정선군립병원,강원도 정선군 사북읍 지장천로 727,128.826504395481,37.2257639596876,정좌표
347,347,철원군보건소,강원도 철원군 갈말읍 군탄리 960-2,127.302829109745,38.148204023517,정좌표
348,348,철원병원,강원도 철원군 갈말읍 명성로 208,127.308447701655,38.1501567743349,정좌표
349,349,춘천시보건소,강원도 춘천시 중앙로3가 67,127.720496233891,37.8756149601915,정좌표
350,350,강원대학교병원,강원도 춘천시 백령로 156,127.743933195457,37.8743460552126,정좌표
351,351,한림대학교춘천성심병원,강원도 춘천시 삭주로 77,127.740807591187,37.8841328377117,정좌표
352,352,태백시보건소,강원도 태백시 황지동 20-8,128.99244855462,37.1765397737607,정좌표
353,353,근로복지공단태백병원,강원도 태백시 보드미길8,129.003473433995,37.104257499246,정좌표
354,354,홍천군보건소,강원도 홍천군 홍천읍 희망리 350 홍천군보건소,127.876795024627,37.6901098978932,정좌표
355,355,홍천아산병원,강원도 홍천군 산림공원 1길 17,127.895431979564,37.6911057638624,정좌표
356,356,횡성군보건소,강원도 횡성군 횡성읍 읍하리 598 횡성보건소,127.984343594546,37.4871854298153,정좌표
357,357,횡성대성병원,강원도 횡성군 횡성읍 횡성로275,127.979937632488,37.4784170794404,정좌표
358,358,평창군보건의료원,강원도 평창군 평창읍 노성로 11 평창군보건의료원,128.390752020213,37.368944761367,정좌표
359,359,화천군보건의료원,강원도 화천군 화천읍 강변로 111,127.709120538308,38.1073413275096,정좌표
360,360,괴산군보건소,충청북도 괴산군 괴산읍 동부리 641 괴산군보건소,127.796332115895,36.80794829488,정좌표
361,361,괴산성모병원,충청북도 괴산군 괴산읍 임꺽정로 116,127.784280391851,36.8154206926202,정좌표
362,362,단양군보건소,충청북도 단양군 단양읍 삼봉로 53,128.350276846751,36.9816408193658,정좌표
363,363,단양군립노인요양병원,충청북도 단양군 단양읍 별곡6길 10,128.368448305169,36.9869729408652,정좌표
364,364,보은군보건소,충청북도 보은군 보은읍 동광길 50,127.716184112823,36.4864565992527,정좌표
365,365,보은한양병원,충청북도 보은군 보은읍 보은로 102,127.718371267507,36.4833367858292,정좌표
366,366,영동군보건소,충청북도 영동군 영동읍 매천리 444-1,127.776114811614,36.1685402530982,정좌표
367,367,영동병원,충청북도 영동군 영동읍 대학로 106,127.781118467788,36.1854411724916,정좌표
368,368,옥천군보건소,"충청북도 옥천군 옥천읍 삼양로 8길 10, 옥천군보건소",127.570336421908,36.3043199674474,정좌표
369,369,옥천성모병원,충청북도 옥천군 옥천읍 성왕로 1195,127.571662615924,36.3135206451227,정좌표
370,370,음성군보건소,충청북도 음성군 음성읍 읍내리 406-4,127.688817233664,36.9285322745093,정좌표
371,371,금왕태성병원,충청북도 음성군 금왕읍 음성로1230번길 10,127.598547115794,36.9975265438823,정좌표
372,372,제천시보건소,충청북도 제천시 청전동 110,128.215861769824,37.1489629262157,정좌표
373,373,제천 서울병원,충청북도 제천시 숭문로 57,128.205666766095,37.1387451060213,정좌표
374,374,명지병원(제천),충청북도 제천시 내토로 991,128.233575960925,37.1635568787257,정좌표
375,375,증평군보건소,충청북도 증평군 증평읍 내성리 57-2 증평군보건소,127.586608682259,36.7743789531003,정좌표
376,376,진천군보건소,충청북도 진천군 진천읍 벽암리 570 진천군보건소 본관,127.439519664178,36.8605548491805,정좌표
377,377,건명의료재단 진천성모병원,충북진천읍 중앙북로 36,127.440730823101,36.8582454077837,정좌표
378,378,청주시상당보건소,충청북도 청주시 상당구 남일면 단재로 480,127.50476570395,36.5880770847395,정좌표
379,379,청주한국병원,충청북도 청주시 상당구 단재로 106,127.496126987017,36.6201638669051,정좌표
380,380,청주효성병원,충청북도 청주시 상당구 쇠내로 16,127.495620693973,36.6243254455414,정좌표
381,381,청주시흥덕보건소,충청북도 청주시 흥덕구 비하동(강서제1동) 792 흥덕구 보건소 흥덕보건소,127.426513522953,36.630078936228,정좌표
382,382,한마음의료재단하나병원,충청북도 청주시 흥덕구 2순환로 1262,127.430193110225,36.6235928924975,정좌표
383,383,베스티안병원,충청북도 흥덕구 오송읍 오송생명1로 191,127.321640885247,36.636429866991,정좌표
384,384,청주시서원보건소,충청북도 청주시 서원구 사직동(사직1동) 888 서원구청 지하1층 서원보건소,127.469854728194,36.6372396559975,정좌표
385,385,충청북도 청주의료원,충청북도 청주시 서원구 흥덕로 48,127.474020620719,36.6406611874727,정좌표
386,386,충주시보건소,충청북도 충주시 문화동 1655 충주시 건강복지타운 충주시 보건소,127.927978816224,36.9712655253042,정좌표
387,387,건국대학교충주병원,충청북도 충주시 국원대로82,127.928811688598,36.9790142987409,정좌표
388,388,충주의료원,충청북도 충주시 안림로239-50,127.970403499248,36.9793142670823,정좌표
389,389,청주시청원보건소,충청북도 청주시 청원구 오창읍 각리 639-1,127.431127374738,36.7100848111945,정좌표
390,390,청주성모병원,충북청주시 청원구 주성로173-19,127.486334590798,36.6742213887618,정좌표
391,391,계룡시보건소,충청남도 계룡시 금암동 10-5 계룡시보건소,127.250183391024,36.2731157591738,정좌표
392,392,공주시보건소,충청남도 공주시 봉황로 123,127.120656547392,36.4571175023194,정좌표
393,393,공주의료원,충청남도 공주시 무령로 77,127.109495335973,36.4588777853197,정좌표
394,394,금산군보건소,충청남도 금산군 금산읍 중도리 203-1 금산군보건소,127.49148572399,36.1129851019759,정좌표
395,395,논산시보건소,충청남도 논산시 관촉동(취암동) 327-2,127.102532936522,36.195572213443,정좌표
396,396,의료법인백제병원,충청남도 논산시 시민로294번길 14,127.093888302657,36.1919680543451,정좌표
397,397,당진시보건소,충청남도 당진시 시청1로,126.642350427223,36.8910184298177,인근좌표
398,398,당진종합병원,충청남도 당진시 반촌로 5-15,126.683788374107,36.9045308137213,정좌표
399,399,보령시보건소,충청남도 보령시 남포면 보령남로 234,126.601558933048,36.3243839840369,정좌표
400,400,보령아산병원,충청남도 보령시 죽성로 136,126.623048304899,36.3807537865217,정좌표
401,401,부여군보건소,충청남도 부여군 부여읍 구아리 137-2,126.909575230734,36.2830540965206,인근좌표
402,402,건양대학교 부여병원,충청남도 부여군 부여읍 계백로 200,126.90171644962,36.2755857551657,정좌표
403,403,성요셉연합의원,충청남도 부여군 부여읍 사비로 78,126.911008268375,36.2795108369284,정좌표
404,404,서산시보건소,충청남도 서산시 예천동(석남동) 496-1 서산시보건소,126.444520413294,36.7743992565734,정좌표
405,405,충청남도서산의료원,충청남도 서산시 중앙로 149,126.465768608036,36.7756946404172,정좌표
406,406,서천군보건소,충청남도 서천군 서천읍 군사리 799 서천군보건소,126.689657837425,36.0822100152279,정좌표
407,407,서해병원,충청남도 서천군 서천읍 서천로 184,126.687601901537,36.084515091588,정좌표
408,408,아산시보건소,충청남도 아산시 남부로 370-24,127.020723006549,36.7681753678535,정좌표
409,409,아산충무병원,충청남도 아산시 문화로 381,127.019633797148,36.7791023603853,정좌표
410,410,현대병원,충청남도 아산시 시민로 388,127.001013445677,36.7831014235882,정좌표
411,411,세종특별자치시보건소,세종특별자치시 조치원읍 대첩로 32,127.292692605347,36.5958921581869,정좌표
412,412,세종 충남대학교병원,세종특별자치시 보듬7로20 세종충남대학교병원,127.257942942409,36.5195140154288,정좌표
413,413,예산군보건소,충청남도 예산군 예산읍 군청로 22,126.84564219192,36.6812408577563,정좌표
414,414,예산종합병원,충청남도 예산군 예산읍 금오대로 94,126.837988070153,36.6910414669776,정좌표
415,415,천안시서북구보건소,충청남도 천안시 서북구 번영로 156 천안시청(봉서홀 아래 필로티),127.113039834077,36.8161190867791,정좌표
416,416,의료법인 영서의료재단 천안충무병원,충청남도 천안시 서북구 다가말3길 8,127.13149045833,36.7974181654622,정좌표
417,417,학교법인동은학원 순천향대학교부속천안병원,충청남도 천안시 동남구 순천향6길 31,127.135164657231,36.8028067500932,정좌표
418,418,충청남도천안의료원,충청남도 천안시 동남구 충절로 537,127.179275830391,36.7754885997481,정좌표
419,419,단국대학교의과대학부속병원,충청남도 천안시 동남구 망향로 201,127.172168695367,36.8423063063132,정좌표
420,420,천안우리병원,충청남도 천안시 동남구 남부대로 350 (청당동,127.155714044808,36.7810456774091,정좌표
421,421,천안시동남구보건소,충청남도 천안시 버들로34,127.151274834039,36.8074514825071,정좌표
422,422,홍성군보건소,충청남도 홍성군 홍성읍 오관리 474-7 홍성군보건소,126.662596817342,36.5969542651079,인근좌표
423,423,홍성의료원,충청남도 홍성군 홍성읍 조양로 224,126.6745756919,36.5988675278577,정좌표
424,424,청양군보건의료원,충청남도 청양군 청양읍 칠갑산로 7길 54,126.804936211178,36.4550147201854,정좌표
425,425,태안군보건의료원,충청남도 태안군 태안읍 평천리 698-6,126.322889968683,36.7521289134255,정좌표
426,426,고창군보건소,전라북도 고창군 고창읍 율계리 101(전봉준로 90),126.683260203781,35.4435908817944,정좌표
427,427,고창병원,전라북도 고창군 고창읍 화신1길 9,126.693428290783,35.4366384897225,정좌표
428,428,군산시보건소,전라북도 군산시 수송동 851-1,126.7202062537,35.9646838997105,정좌표
429,429,군산의료원,전라북도 군산시 의료원로27,126.711918569977,35.9549309218723,정좌표
430,430,동군산병원,전라북도 군산시 149,126.74711125536,35.9350153880305,인근좌표
431,431,김제시보건소,전라북도 김제시 요촌동 423-2,126.883313140529,35.8007680476369,정좌표
432,432,남원시보건소,전라북도 남원시 조산동(금동) 455 남원시보건소,127.363895355314,35.397364887953,정좌표
433,433,남원의료원,전라북도 남원시 충정로 365,127.405839965265,35.4330201162973,정좌표
434,434,부안군보건소,전라북도 부안군 부안읍 봉덕리 551-2,126.735818312835,35.7229307199042,정좌표
435,435,부안성모병원,전라북도 부안군 부안읍 오정2길 24,126.734770112938,35.7245358797473,정좌표
436,436,완주군보건소,전라북도 완주군 삼례읍 삼봉8로 10-10 완주군보건소,127.12226673664,35.9214675733658,정좌표
437,437,익산시보건소,전라북도 익산시 무왕로 975,126.966471325237,35.9609858753114,정좌표
438,438,원광대학교병원,전라북도 익산시 무왕로 895,126.95967169423,35.9643747237802,정좌표
439,439,익산병원,전라북도 익산시 무왕로 969,126.966551589964,35.961726706348,정좌표
440,440,대자인병원,전라북도 전주시 덕진구 견훤로 390,127.153315364433,35.8459908207476,정좌표
441,441,전주병원,전라북도 전주시 완산구 한두평3길 13,127.124763410596,35.8151645341712,정좌표
442,442,호성전주병원,전라북도 전주시 덕진구 동부대로 895,127.147897924228,35.8654611314862,정좌표
443,443,덕진선별진료소,전라북도 전주시 덕진구 벚꽃로 55,127.134338294254,35.8294023263887,정좌표
444,444,화산선별진료소,전주시 완산구 백제대로 310,127.124575020784,35.8209410482085,정좌표
445,445,정읍시보건소,전라북도 정읍시 수성동 958-2,126.854530690664,35.5779692344026,정좌표
446,446,정읍아산병원,전라북도 정읍시 충정로 606-22,126.822569182629,35.5894712362327,정좌표
447,447,진안군보건소,전라북도 진안군 진안읍 군상리 90-15 진안보건소 진안군보건소,127.434797532138,35.7971860474504,정좌표
448,448,진안군의료원,전라북도 진안군 진안읍 진무로 1145,127.432039338093,35.7951096727044,정좌표
449,449,무주군보건의료원,전라북도 무주군 무주읍 당산리 701,127.671717443013,36.0056375709071,정좌표
450,450,순창군보건의료원,전라북도 순창군 순창읍 교성로 135,127.143901159419,35.3665007384154,정좌표
451,451,임실군보건의료원,전라북도 임실군 임실읍 이도리 270-8 임실군 보건의료원 (270-8번지),127.287078713801,35.6126979280872,정좌표
452,452,장수군보건의료원,전라북도 장수군 장수읍 장수리 425 장수보건의료원,127.519847542157,35.6543198561386,정좌표
453,453,강진군보건소,전라남도 강진군 강진읍 목리 11,126.781083412163,34.6361019582579,인근좌표
454,454,강진의료원,전라남도 강진군 강진읍 탐진로 5,126.758140765624,34.6374993089082,정좌표
455,455,고흥군보건소,전라남도 고흥군 고흥읍 등암리 1258-21번지,127.268712108499,34.5924171081102,정좌표
456,456,고흥종합병원,전라남도 고흥군 고흥읍 고흥로 1935,127.293396687657,34.6206620211864,정좌표
457,457,녹동현대병원,전라남도 고흥군 도양읍 차경구렁목길 215,127.145719691624,34.5462408421136,정좌표
458,458,광양시보건소,"전라남도 광양시 광양읍 인덕로 1100, 광양시보건소",127.582272432036,34.9807961059259,정좌표
459,459,광양사랑병원,전라남도 광양시 공영로 71,127.697152882602,34.9361626358184,정좌표
460,460,나주시보건소,전라남도 나주시 이창동 740-1,126.708293140867,34.995182404622,정좌표
461,461,나주종합병원,전라남도 나주시 영산로 5419,126.721046475636,35.0367565184165,정좌표
462,462,담양군보건소,전라남도 담양군 담양읍 만성리 135,126.981344370943,35.3249429713613,정좌표
463,463,담양 사랑병원,전라남도 담양군 담양읍 천변7길 19,126.982842501397,35.3152195476696,정좌표
464,464,목포시보건소,전라남도 목포시 산정동 1676,126.373788393283,34.8041652086739,정좌표
465,465,목포한국병원,전라남도 목포시 영산로 483,126.416262863683,34.8090551699748,정좌표
466,466,목포기독병원,전라남도 목포시 백년대로 303,126.420556045005,34.8044923227621,정좌표
467,467,목포중앙병원,전라남도 목포시 영산로 627,126.421595559042,34.8217231404212,정좌표
468,468,목포시의료원,전라남도 목포시 이로로 18,126.405155051694,34.8038531042862,정좌표
469,469,세안종합병원,전라남도 목포시 고하대로 795-2,126.380224147998,34.8169254063925,정좌표
470,470,전남중앙병원,전라남도 목포시 고하대로 724,126.376014476892,34.810450626634,정좌표
471,471,무안군보건소,전라남도 무안군 무안읍 성동리 712-1,126.481407909819,34.9905592470018,정좌표
472,472,대송의료재단 무안병원,전라남도 무안군 무안읍 몽탄로 65,126.489352885008,34.9916966354325,정좌표
473,473,보성군보건소,전라남도 보성군 보성읍 보성리 827,127.079274373836,34.7701050323045,정좌표
474,474,보성아산병원,전라남도 보성군 미력면 가평길 36-17,127.104533516931,34.775886355012,정좌표
475,475,벌교삼호병원,전라남도 보성군 벌교읍 남하로 12,127.346236177894,34.8335564767604,정좌표
476,476,순천시보건소,전라남도 순천시 석현동 36-1,127.485399736786,34.9665452238863,정좌표
477,477,순천 성가롤로병원,전라남도 순천시 순광로 221,127.544125098793,34.9652483618586,정좌표
478,478,순천의료원,전라남도 순천시 서문성터길 2,127.483845572901,34.9577787146106,정좌표
479,479,순천병원,전라남도 순천시 조례1길 24(조례동),127.525189952236,34.9618925839755,정좌표
480,480,신안군보건소,전라남도 신안군 압해읍 천사로 1004,126.351425033767,34.8336022571045,정좌표
481,481,여수시보건소,전라남도 여수시 학동 213 여수시 보건소,127.660723836169,34.7593574734723,정좌표
482,482,여천전남병원,전라남도 여수시 무선로 95,127.654228676932,34.7690273888234,정좌표
483,483,여수전남병원,"전라남도 여수시 좌수영로 49(광무동,전남병원)",127.727773467713,34.7449968698486,정좌표
484,484,여수한국병원,전라남도 여수시 여천체육공원길 10,127.675094467295,34.7612415379482,정좌표
485,485,여수제일병원,전라남도 여수시 쌍봉로 70,127.663540253766,34.7659728209468,정좌표
486,486,영광군보건소,전라남도 영광군 영광읍 남천리 326-5,126.504178168468,35.2744785771089,정좌표
487,487,영광종합병원,전라남도 영광군 영광읍 와룡로 3,126.4989875732,35.2845508971963,정좌표
488,488,영광기독병원,전라남도 영광군 영광읍 신남로 265,126.511036179738,35.2749955126497,정좌표
489,489,영암군보건소,전라남도 영암군 영암읍 춘양리 525 영암군보건소,126.704075362522,34.7950086731228,정좌표
490,490,장흥군보건소,전라남도 장흥군 장흥읍 흥성로 49,126.908333209182,34.6764690722834,정좌표
491,491,장흥종합병원,전라남도 장흥군 장흥읍 흥성로 92,126.912477028662,34.6784075518248,정좌표
492,492,진도군보건소,전라남도 진도군 진도읍 남동리 776-26번지,126.262903757237,34.4802504036267,정좌표
493,493,진도한국병원,전라남도 진도군 남문길 48,126.264143772793,34.4824081566249,정좌표
494,494,함평군보건소,전라남도 함평군 함평읍 기각리 253,126.524239608266,35.0621593855657,정좌표
495,495,함평성심병원,전라남도 함평군 함평읍 영수길 132,126.519955120951,35.0619562997165,정좌표
496,496,해남군보건소,전라남도 해남군 해남읍 해남로 46,126.612043512655,34.5704609210118,정좌표
497,497,해남종합병원,전라남도 해남군 해남읍 해남로 45,126.613229763525,34.5721266355911,정좌표
498,498,해남우리종합병원,전라남도 해남군 옥천면 해남로 597,126.646605014127,34.5845891335772,정좌표
499,499,화순군보건소,전라남도 화순군 화순읍 삼천리 719번지,126.982262256341,35.0573501952468,정좌표
500,500,전남화순대학교병원,전라남도 화순군 화순읍 서양로 322,127.003219867668,35.0611775658312,정좌표
501,501,화순성심병원,전라남도 화순군 화순읍 만연로 31,126.989880113596,35.0584395740897,정좌표
502,502,곡성군보건의료원,전라남도 곡성군 곡성읍 곡성로 854,127.296904149143,35.2788663371234,정좌표
503,503,곡성사랑병원,전라남도 곡성군 곡성읍 곡성로 761,127.28841161841,35.2762570478222,정좌표
504,504,구례군보건의료원,전라남도 구례군 구례읍 동편제길 30,127.461536175423,35.2163338281996,정좌표
505,505,구례병원,전라남도 구례군 구례읍 동편제길 4,127.463944038619,35.2159197817569,정좌표
506,506,완도군보건의료원,전라남도 완도군 완도읍 죽청리 483-8 완도보건의료원 본관,126.731316133834,34.3362415501324,정좌표
507,507,대성병원,전라남도 완도군읍 청해진동로 63,126.735434411887,34.3164877146945,정좌표
508,508,장성군보건소,전라남도 장성군 장성읍 청운 11길 13,126.782453977808,35.3045417944229,정좌표
509,509,장성병원,전라남도 장성군 장성읍 역전로 171,126.783214319444,35.3060205420831,정좌표
510,510,경산시보건소,경상북도 경산시 중방동 708-5 (경산시보건소),128.743073034498,35.8247862281521,정좌표
511,511,경산중앙병원,경상북도 경산시 경안로 11,128.74012911366,35.8093170886573,정좌표
512,512,세명병원,경상북도 경산시 경안로 208,128.737523351071,35.8261241367819,정좌표
513,513,경주시보건소,경상북도 경주시 황성공원로 30(황성동),129.211975815919,35.8599808308558,정좌표
514,514,동국대 경주병원,경상북도 경주시 동대로 87,129.196560822792,35.8583165169714,정좌표
515,515,고령군보건소,경상북도 고령군 대가야읍 지산리 232-8 고령군보건소,128.264851720576,35.725043915824,정좌표
516,516,고령영생병원,경상북도 고령군 대가야읍 중앙로33,128.272262950791,35.7301496273229,정좌표
517,517,구미보건소,경상북도 구미시 선산대로 111,128.345954034479,36.1399354248129,정좌표
518,518,순천향대학교구미병원,경상북도 구미시 1공단로 179,128.382830540316,36.1034092035684,정좌표
519,519,구미차병원,경상북도 구미시 신시로10길 12,128.340708523036,36.1145983669425,정좌표
520,520,구미강동병원,경상북도 구미시 인동20길 46,128.42278338727,36.0962044912631,정좌표
521,521,군위군보건소,경상북도 군위군 군위읍 군청로 70 군위군보건소,128.569904083489,36.2296594653732,정좌표
522,522,김천시보건소,경상북도 김천시 신음동 1284,128.113766366171,36.1398712539395,정좌표
523,523,김천제일병원,경상북도 김천시 신음1길 12,128.118823376793,36.1354528937131,정좌표
524,524,김천의료원,경상북도 김천시 모암길 24,128.12659208513,36.1225180551589,정좌표
525,525,문경시보건소,경상북도 문경시 점촌동(점촌1동) 232 문경시보건소,128.197566244727,36.5962450350955,정좌표
526,526,문경제일병원,경상북도 문경시 당교3길 25,128.189329329961,36.58447585582,정좌표
527,527,문경중앙병원,경상북도 문경시 중앙로 117-18,128.199081424531,36.5960031493799,정좌표
528,528,봉화군보건소,경상북도 봉화군 봉화읍 내성리 285 봉화군보건소,128.741968290051,36.8906288062087,정좌표
529,529,봉화해성병원,경상북도 봉화군 보밑길3 봉화해성병원,128.733507436889,36.8916972632189,정좌표
530,530,상주시보건소,경상북도 상주시 무양동 33-4,128.15017359236,36.4164471779536,정좌표
531,531,상주적십자병원,경상북도 상주시 상서문로 53,128.15530627659,36.414451915156,정좌표
532,532,상주성모병원,경상북도 상주시 냉림서성길,128.160739448987,36.4198721965108,인근좌표
533,533,구미시선산보건소,경상북도 구미시 선산읍 선주로121,128.299942818547,36.2441707686125,정좌표
534,534,성주군보건소,경상북도 성주군 성주읍 성밖숲길 2,128.278804411453,35.9176425375224,정좌표
535,535,안동시보건소,경상북도 안동시 북문동(중구동) 58 안동시보건소,128.730080526542,36.5669311407826,정좌표
536,536,안동병원,경상북도 안동시 앙실로 11 (수상동),128.700162213615,36.547387624757,정좌표
537,537,안동성소병원,경상북도 안동시 서동문로 99,128.722669774129,36.5674651855229,정좌표
538,538,경상북도안동의료원,경상북도 안동시 태사2길 55,128.731525746751,36.5682349044828,정좌표
539,539,영덕군보건소,경상북도 영덕군 영덕읍 군청길 53,129.37355811828,36.4135449693384,정좌표
540,540,영덕아산병원,경상북도 영덕읍 영덕로 1621,129.402342643515,36.523678452455,정좌표
541,541,영양군보건소,경상북도 영양군 영양읍 동부리 동서대로 82번지,129.118064014313,36.6619469483406,정좌표
542,542,영주시보건소,경상북도 영주시 휴천동(휴천2동) 466-6 영주시보건소,128.621901265755,36.8062392915436,정좌표
543,543,영주적십자병원,경상북도 영주시 대학로 327,128.604004056165,36.8252567627138,정좌표
544,544,영천시보건소,경상북도 영천시 문내동 152-1,128.932492341868,35.968520408314,정좌표
545,545,영남대학교 영천병원,경상북도 영천시영천시 오수1길 10,128.913317034258,35.957352897543,정좌표
546,546,예천군보건소,"경상북도 예천군 예천읍 군청길 33, 예천군보건소",128.452978164924,36.6580107747795,정좌표
547,547,예천권병원,"경상북도 예천군 예천읍 시장로 136, 예천권병원",128.458985633763,36.6573766064987,정좌표
548,548,의성군보건소,경상북도 의성군 의성읍 도서리 104-1,128.697500628658,36.3458271062036,정좌표
549,549,공생병원,경상북도 의성군 의성읍 문소3길 96,128.694697046256,36.3544629669859,정좌표
550,550,청도군보건소,경상북도 청도군 화양읍 범곡리 96,128.73729751993,35.6486217349654,정좌표
551,551,칠곡군보건소,경상북도 칠곡군 왜관읍 석전2리 262-1,128.408639862079,35.9939578501708,정좌표
552,552,포항시남구보건소,경상북도 포항시 남구 인덕동(제철동) 161-1 남구보건소,129.396531385713,35.9924257323051,정좌표
553,553,세명기독병원,경상북도 포항시 남구 대도동 94-8,129.362310294523,36.0177329580644,정좌표
554,554,포항성모병원,경상북도 포항시 남구 대잠동길 17,129.340088450376,36.016554879462,정좌표
555,555,포항시북구보건소,경상북도 포항시 북구 장성동 1363,129.380426711602,36.0706720178353,정좌표
556,556,포항의료원,경상북도 포항시 북구 용흥로 36,129.35456657141,36.0351653066467,정좌표
557,557,울릉군보건의료원,경상북도 울릉군 울릉읍 울릉순환로 396-18,130.898834983616,37.4858943128179,정좌표
558,558,울진군보건소,경상북도 울진군 울진읍 읍내8길 61-8,129.404598682938,36.9958945831797,정좌표
559,559,청송군보건의료원,경상북도 청송군 청송읍 금곡리 1056-54 청송보건의료원,129.052642025941,36.4309623685082,정좌표
560,560,경북북부제2교도소 부속의원,경상북도 청송군 진보면 양정길 110,129.053491842156,36.5335991586535,인근좌표
561,561,거제시보건소,경상남도 거제시 고현동 906번지,128.616253671667,34.8835600852799,정좌표
562,562,거붕백병원,경상남도 거제시 계룡로5길 14,128.627072782705,34.8728787769704,정좌표
563,563,대우병원,경상남도 거제시 두모길16,128.721664899775,34.8723460262039,정좌표
564,564,맑은샘병원,경상남도 거제시 연초면 거제대로 4477,128.643303138304,34.8977121273971,정좌표
565,565,거창군보건소,경상남도 거창군 거창읍 거함대로 3079 거창군보건소,127.898727910593,35.6809360776552,정좌표
566,566,거창적십자병원,경상남도 거창군 거창읍 중앙로91 거창적십자병원,127.909137348339,35.6865205912016,정좌표
567,567,고성군보건소,경상남도 고성군 고성읍 대독리 4 고성군보건소,128.314320277683,34.9695977838651,정좌표
568,568,김해시보건소,경상남도 김해시 외동(내외동) 1261-3 김해시 보건소,128.871104015406,35.2321378850683,정좌표
569,569,김해중앙병원,경상남도 김해시 분성로 94-8 (외동),128.85705375707,35.230852161496,정좌표
570,570,갑을장유병원,경상남도 김해시 장유로 167-13 (부곡동),128.805617558322,35.2086652875547,정좌표
571,571,조은금강병원,경상남도 김해시 김해대로 1814-37 (삼계동),128.861537649805,35.2630933788758,정좌표
572,572,남해군보건소,경상남도 남해군 남해읍 북변리 458-1,127.898983150716,34.8441023123952,정좌표
573,573,이도의료재단 남해병원,경상남도 남해군 남해읍 화전로 169,127.894278638436,34.846470161436,정좌표
574,574,창원시 마산보건소,경상남도 창원시 마산합포구 해운동 61-1,128.563165298569,35.1825260351591,정좌표
575,575,삼성창원병원,창원시 마산회원구 팔용로 158,128.593027517405,35.2430731339782,정좌표
576,576,경상남도마산의료원,창원시 마산합포구 3.15대로 231,128.468391099761,35.1391294476306,인근좌표
577,577,SMG연세병원,창원시 마산합포구 3.15대로 76,128.468391099761,35.1391294476306,인근좌표
578,578,밀양시보건소,경상남도 밀양시 삼문동 159-1 (삼문중앙로41),128.756143865106,35.4856250068353,정좌표
579,579,밀양윤병원,경상남도 밀양시 삼문중앙로 32,128.755622740998,35.4846346125349,정좌표
580,580,사천시보건소,경상남도 사천시 용현면 덕곡리 사천시청 501번지,128.064565179864,35.0034773652812,정좌표
581,581,의료법인승연의료재단 삼천포서울병원,경상남도 사천시 남일로 33(동금동),128.080254705204,34.9334039922646,정좌표
582,582,삼천포제일병원,경상남도 사천시 중앙로136,128.079443567931,34.9371737008562,정좌표
583,583,양산시보건소,경상남도 양산시 중부동 707-2(삽량로 169),129.02495622061,35.3356470626366,정좌표
584,584,베데스다병원,경상남도 양산시 신기로 28,129.043598959945,35.3532333922627,정좌표
585,585,양산부산대학교병원,경상남도 양산시 금오로 20,129.005617176199,35.3278955881449,정좌표
586,586,웅상중앙병원,경상남도 양산시 서창로 59,129.16411191725,35.4066741564691,정좌표
587,587,의령군보건소,경상남도 의령군 의령읍 서동리 534,128.255027551715,35.3176476666298,정좌표
588,588,의령병원,경상남도 의령군 의령읍 의병로14길 10,128.258729884931,35.3185763203002,정좌표
589,589,진주시보건소,"경상남도 진주시 월아산로 2026, 1층 (초전동)",128.120910829422,35.2128834949145,정좌표
590,590,제일병원,경상남도 진주시 진주대로 885,128.089997563377,35.1792875025476,정좌표
591,591,고려병원,경상남도 진주시 동진로 2,128.091971425396,35.1785114255177,정좌표
592,592,반도병원,경상남도 진주시 남강로701,128.088140638911,35.1917569514164,정좌표
593,593,진주복음병원,경상남도 진주시 진양호로 370,128.069542896267,35.1852475569984,정좌표
594,594,진주세란병원,경상남도 진주시 진주대로 829,128.092883933554,35.1746667960431,정좌표
595,595,경상국립대학교병원,경상남도 진주시 강남로 79,128.096410793099,35.1769556733473,정좌표
596,596,한일병원,경상남도 진주시 범골로 17,128.128547288468,35.166964640287,정좌표
597,597,창원시 진해보건소,경상남도 창원시 진해구 풍호동 1 진해보건소,128.7104052277,35.1329455558135,정좌표
598,598,연세에스병원,경상남도 창원시 진해구 해원로32번길 13,128.698334912031,35.1547335335316,정좌표
599,599,세광병원,경상남도 창원시 진해구 중원동로 55-1,128.660913424591,35.1497431480545,정좌표
600,600,창녕군보건소,경상남도 창녕군 창녕읍 교리 996-1 창녕군보건소,128.490437090601,35.5437190646489,정좌표
601,601,태황의료재단한성병원,경상남도 창녕군 창녕읍 교리1길 2,128.492148949143,35.5445948004808,정좌표
602,602,창원시 창원보건소,경상남도 창원시 의창구 신월동 창원보건소 96-2,128.685595289835,35.2279785208434,정좌표
603,603,창원경상국립대학교병원,경상남도 창원시 성산구 삼정자로11,128.705987024403,35.1990604387684,정좌표
604,604,창원파티마병원,경상남도 창원시 의창구 창이대로 45,128.646762585252,35.2374635202238,정좌표
605,605,창원한마음병원,경상남도 창원시 의창구 용동로57번길 8,128.697528657107,35.2385034518742,인근좌표
606,606,통영시보건소,경상남도 통영시 무전동 401-1 통영시보건소,128.43204242359,34.8598931006319,정좌표
607,607,통영적십자병원,경상남도 통영시 중앙로97,128.419885706501,34.8423840287953,정좌표
608,608,하동군보건소,경상남도 하동군 하동읍 읍내리 149-1 하동보건소,127.75261148178,35.0667650944968,정좌표
609,609,새하동병원,경상남도 하동군 하동읍 화심길 39,127.73856130365,35.0830393692057,정좌표
610,610,함안군보건소,경상남도 함안군 가야읍 말산리 100번지,128.410315190686,35.27559732315,정좌표
611,611,영동병원,경상남도 함안군 칠원읍 용산2길 45-13,128.515602883173,35.3089485357648,정좌표
612,612,아라한국병원,경상남도 함안군 산인면 학산2길 17-50,128.431739799522,35.2742686157402,정좌표
613,613,함양군보건소,경상남도 함양군 함양읍 한들로 141,127.731780792775,35.5196754509464,정좌표
614,614,함양성심병원,경상남도 함양군 함양읍 고운로 70,127.729263000732,35.5204849977903,정좌표
615,615,합천군보건소,경상남도 합천군 합천읍 합천리 524-1,128.15684700929,35.5678965500025,정좌표
616,616,산청군보건의료원,경상남도 산청군 산청읍 지리 중앙로97,127.884235588207,35.4160812895511,정좌표
617,617,서귀포시(서귀포보건소),제주특별자치도 서귀포시 중앙로101번길 52,126.555361168022,33.2534859789861,정좌표
618,618,서귀포열린병원,제주특별자치도 서귀포시 일주동로 8638,126.565425573477,33.2544662339739,정좌표
619,619,서귀포의료원,제주특별자치도 서귀포시 장수로 47,126.563892135569,33.2560691945375,정좌표
620,620,서귀포시(동부보건소),제주특별자치도 서귀포시 남원읍 남원리 2359-1 동부보건소,126.703496682806,33.2755795951086,정좌표
621,621,서귀포시(서부보건소),"제주특별자치도 서귀포시 대정읍 최남단해안로15번길 12, 서귀포시 서부보건소",126.253245819766,33.2186738771813,정좌표
622,622,제주시제주보건소,제주특별자치도 제주시 연삼로 264,126.520237718638,33.4915991509171,정좌표
623,623,제주대학교병원,제주특별자치도 제주시 아란13길 15,126.545200685978,33.4672088861274,정좌표
624,624,제주한라병원,제주특별자치도 제주시 도령로 65,126.485218666427,33.489653279622,정좌표
625,625,한마음병원,제주특별자치도 제주시 연신로 52,126.546238650165,33.4962867944089,정좌표
626,626,한국병원,제주특별자치도 제주시 서광로 193,126.51673072674,33.5003932573716,정좌표
627,627,중앙병원,제주특별자치도 제주시 월랑로 91,126.470480779181,33.4923208614648,정좌표
628,628,제주시(동부보건소),제주특별자치도 제주시 구좌읍 김녕리 1697-1 동부보건소 동부보건소,126.751190009522,33.5544539949105,정좌표
629,629,제주시(서부보건소),제주특별자치도 제주시 한림읍 한림리 966-1번지 (한림리),126.269520236652,33.412367005319,정좌표
